Date,HomeTeam,AwayTeam,FTHG,FTAG,FTR,HTHG,HTAG,HTR,HS,AS,HST,AST,HF,AF,HC,AC,HY,AY,HR,AR
2021-08-13,Borussia Monchengladbach,Bayern Munich,1,1,D,1,1,,0,0,0,0,0,0,0,0,0,0,0,0
2021-08-14,VfL Wolfsburg,Vfl Bochum,1,0,H,1,0,,0,0,0,0,0,0,0,0,0,0,0,0
2021-08-14,FC Augsburg,1899 Hoffenheim,0,4,A,0,1,,0,0,0,0,0,0,0,0,0,0,0,0
2021-08-14,VfB Stuttgart,SpVgg Greuther Furth,5,1,H,2,0,,0,0,0,0,0,0,0,0,0,0,0,0
2021-08-14,Union Berlin,Bayer Leverkusen,1,1,D,1,1,,0,0,0,0,0,0,0,0,0,0,0,0
2021-08-14,Arminia Bielefeld,SC Freiburg,0,0,D,0,0,,0,0,0,0,0,0,0,0,0,0,0,0
2021-08-14,Borussia Dortmund,Eintracht Frankfurt,5,2,H,3,1,,0,0,0,0,0,0,0,0,0,0,0,0
2021-08-15,FSV Mainz 05,RB Leipzig,1,0,H,1,0,,0,0,0,0,0,0,0,0,0,0,0,0
2021-08-15,1.FC Köln,Hertha Berlin,3,1,H,1,1,,0,0,0,0,0,0,0,0,0,0,0,0
2021-08-20,RB Leipzig,VfB Stuttgart,4,0,H,1,0,,0,0,0,0,0,0,0,0,0,0,0,0
2021-08-21,Bayer Leverkusen,Borussia Monchengladbach,4,0,H,2,0,,0,0,0,0,0,0,0,0,0,0,0,0
2021-08-21,SpVgg Greuther Furth,Arminia Bielefeld,1,1,D,0,1,,0,0,0,0,0,0,0,0,0,0,0,0
2021-08-21,Vfl Bochum,FSV Mainz 05,2,0,H,1,0,,0,0,0,0,0,0,0,0,0,0,0,0
2021-08-21,Hertha Berlin,VfL Wolfsburg,1,2,A,0,0,,0,0,0,0,0,0,0,0,0,0,0,0
2021-08-21,SC Freiburg,Borussia Dortmund,2,1,H,1,0,,0,0,0,0,0,0,0,0,0,0,0,0
2021-08-21,Eintracht Frankfurt,FC Augsburg,0,0,D,0,0,,0,0,0,0,0,0,0,0,0,0,0,0
2021-08-22,1899 Hoffenheim,Union Berlin,2,2,D,2,1,,0,0,0,0,0,0,0,0,0,0,0,0
2021-08-22,Bayern Munich,1.FC Köln,3,2,H,0,0,,0,0,0,0,0,0,0,0,0,0,0,0
2021-08-27,Borussia Dortmund,1899 Hoffenheim,3,2,H,0,0,,0,0,0,0,0,0,0,0,0,0,0,0
2021-08-28,1.FC Köln,Vfl Bochum,2,1,H,0,0,,0,0,0,0,0,0,0,0,0,0,0,0
2021-08-28,Bayern Munich,Hertha Berlin,5,0,H,2,0,,0,0,0,0,0,0,0,0,0,0,0,0
2021-08-28,Arminia Bielefeld,Eintracht Frankfurt,1,1,D,0,1,,0,0,0,0,0,0,0,0,0,0,0,0
2021-08-28,FSV Mainz 05,SpVgg Greuther Furth,3,0,H,2,0,,0,0,0,0,0,0,0,0,0,0,0,0
2021-08-28,FC Augsburg,Bayer Leverkusen,1,4,A,1,2,,0,0,0,0,0,0,0,0,0,0,0,0
2021-08-28,VfB Stuttgart,SC Freiburg,2,3,A,2,3,,0,0,0,0,0,0,0,0,0,0,0,0
2021-08-29,Union Berlin,Borussia Monchengladbach,2,1,H,2,0,,0,0,0,0,0,0,0,0,0,0,0,0
2021-08-29,VfL Wolfsburg,RB Leipzig,1,0,H,0,0,,0,0,0,0,0,0,0,0,0,0,0,0
2021-09-11,SC Freiburg,1.FC Köln,1,1,D,0,1,,0,0,0,0,0,0,0,0,0,0,0,0
2021-09-11,1899 Hoffenheim,FSV Mainz 05,0,2,A,0,1,,0,0,0,0,0,0,0,0,0,0,0,0
2021-09-11,Bayer Leverkusen,Borussia Dortmund,3,4,A,2,1,,0,0,0,0,0,0,0,0,0,0,0,0
2021-09-11,SpVgg Greuther Furth,VfL Wolfsburg,0,2,A,0,1,,0,0,0,0,0,0,0,0,0,0,0,0
2021-09-11,Union Berlin,FC Augsburg,0,0,D,0,0,,0,0,0,0,0,0,0,0,0,0,0,0
2021-09-11,RB Leipzig,Bayern Munich,1,4,A,0,1,,0,0,0,0,0,0,0,0,0,0,0,0
2021-09-12,Eintracht Frankfurt,VfB Stuttgart,1,1,D,0,0,,0,0,0,0,0,0,0,0,0,0,0,0
2021-09-12,Vfl Bochum,Hertha Berlin,1,3,A,0,2,,0,0,0,0,0,0,0,0,0,0,0,0
2021-09-12,Borussia Monchengladbach,Arminia Bielefeld,3,1,H,1,1,,0,0,0,0,0,0,0,0,0,0,0,0
2021-09-17,Hertha Berlin,SpVgg Greuther Furth,2,1,H,0,0,,0,0,0,0,0,0,0,0,0,0,0,0
2021-09-18,1.FC Köln,RB Leipzig,1,1,D,0,0,,0,0,0,0,0,0,0,0,0,0,0,0
2021-09-18,Arminia Bielefeld,1899 Hoffenheim,0,0,D,0,0,,0,0,0,0,0,0,0,0,0,0,0,0
2021-09-18,Bayern Munich,Vfl Bochum,7,0,H,4,0,,0,0,0,0,0,0,0,0,0,0,0,0
2021-09-18,FSV Mainz 05,SC Freiburg,0,0,D,0,0,,0,0,0,0,0,0,0,0,0,0,0,0
2021-09-18,FC Augsburg,Borussia Monchengladbach,1,0,H,0,0,,0,0,0,0,0,0,0,0,0,0,0,0
2021-09-19,VfB Stuttgart,Bayer Leverkusen,1,3,A,1,2,,0,0,0,0,0,0,0,0,0,0,0,0
2021-09-19,Borussia Dortmund,Union Berlin,4,2,H,2,0,,0,0,0,0,0,0,0,0,0,0,0,0
2021-09-19,VfL Wolfsburg,Eintracht Frankfurt,1,1,D,0,1,,0,0,0,0,0,0,0,0,0,0,0,0
2021-09-24,SpVgg Greuther Furth,Bayern Munich,1,3,A,0,2,,0,0,0,0,0,0,0,0,0,0,0,0
2021-09-25,1899 Hoffenheim,VfL Wolfsburg,3,1,H,1,1,,0,0,0,0,0,0,0,0,0,0,0,0
2021-09-25,Bayer Leverkusen,FSV Mainz 05,1,0,H,0,0,,0,0,0,0,0,0,0,0,0,0,0,0
2021-09-25,RB Leipzig,Hertha Berlin,6,0,H,3,0,,0,0,0,0,0,0,0,0,0,0,0,0
2021-09-25,Union Berlin,Arminia Bielefeld,1,0,H,0,0,,0,0,0,0,0,0,0,0,0,0,0,0
2021-09-25,Borussia Monchengladbach,Borussia Dortmund,1,0,H,1,0,,0,0,0,0,0,0,0,0,0,0,0,0
2021-09-25,Eintracht Frankfurt,1.FC Köln,1,1,D,1,1,,0,0,0,0,0,0,0,0,0,0,0,0
2021-09-26,Vfl Bochum,VfB Stuttgart,0,0,D,0,0,,0,0,0,0,0,0,0,0,0,0,0,0
2021-09-26,SC Freiburg,FC Augsburg,3,0,H,3,0,,0,0,0,0,0,0,0,0,0,0,0,0
2021-10-01,1.FC Köln,SpVgg Greuther Furth,3,1,H,0,1,,0,0,0,0,0,0,0,0,0,0,0,0
2021-10-02,VfB Stuttgart,1899 Hoffenheim,3,1,H,1,0,,0,0,0,0,0,0,0,0,0,0,0,0
2021-10-02,RB Leipzig,Vfl Bochum,3,0,H,0,0,,0,0,0,0,0,0,0,0,0,0,0,0
2021-10-02,Borussia Dortmund,FC Augsburg,2,1,H,1,1,,0,0,0,0,0,0,0,0,0,0,0,0
2021-10-02,Hertha Berlin,SC Freiburg,1,2,A,0,1,,0,0,0,0,0,0,0,0,0,0,0,0
2021-10-02,VfL Wolfsburg,Borussia Monchengladbach,1,3,A,1,2,,0,0,0,0,0,0,0,0,0,0,0,0
2021-10-03,FSV Mainz 05,Union Berlin,1,2,A,1,0,,0,0,0,0,0,0,0,0,0,0,0,0
2021-10-03,Bayern Munich,Eintracht Frankfurt,1,2,A,1,1,,0,0,0,0,0,0,0,0,0,0,0,0
2021-10-03,Arminia Bielefeld,Bayer Leverkusen,0,4,A,0,2,,0,0,0,0,0,0,0,0,0,0,0,0
2021-10-15,1899 Hoffenheim,1.FC Köln,5,0,H,1,0,,0,0,0,0,0,0,0,0,0,0,0,0
2021-10-16,Borussia Monchengladbach,VfB Stuttgart,1,1,D,1,1,,0,0,0,0,0,0,0,0,0,0,0,0
2021-10-16,Union Berlin,VfL Wolfsburg,2,0,H,0,0,,0,0,0,0,0,0,0,0,0,0,0,0
2021-10-16,SpVgg Greuther Furth,Vfl Bochum,0,1,A,0,0,,0,0,0,0,0,0,0,0,0,0,0,0
2021-10-16,Eintracht Frankfurt,Hertha Berlin,1,2,A,0,1,,0,0,0,0,0,0,0,0,0,0,0,0
2021-10-16,SC Freiburg,RB Leipzig,1,1,D,0,1,,0,0,0,0,0,0,0,0,0,0,0,0
2021-10-16,Borussia Dortmund,FSV Mainz 05,3,1,H,1,0,,0,0,0,0,0,0,0,0,0,0,0,0
2021-10-17,Bayer Leverkusen,Bayern Munich,1,5,A,0,5,,0,0,0,0,0,0,0,0,0,0,0,0
2021-10-17,FC Augsburg,Arminia Bielefeld,1,1,D,1,0,,0,0,0,0,0,0,0,0,0,0,0,0
2021-10-22,FSV Mainz 05,FC Augsburg,4,1,H,3,0,,0,0,0,0,0,0,0,0,0,0,0,0
2021-10-23,Hertha Berlin,Borussia Monchengladbach,1,0,H,1,0,,0,0,0,0,0,0,0,0,0,0,0,0
2021-10-23,RB Leipzig,SpVgg Greuther Furth,4,1,H,0,1,,0,0,0,0,0,0,0,0,0,0,0,0
2021-10-23,Arminia Bielefeld,Borussia Dortmund,1,3,A,0,2,,0,0,0,0,0,0,0,0,0,0,0,0
2021-10-23,VfL Wolfsburg,SC Freiburg,0,2,A,0,1,,0,0,0,0,0,0,0,0,0,0,0,0
2021-10-23,Bayern Munich,1899 Hoffenheim,4,0,H,2,0,,0,0,0,0,0,0,0,0,0,0,0,0
2021-10-24,1.FC Köln,Bayer Leverkusen,2,2,D,0,2,,0,0,0,0,0,0,0,0,0,0,0,0
2021-10-24,VfB Stuttgart,Union Berlin,1,1,D,0,1,,0,0,0,0,0,0,0,0,0,0,0,0
2021-10-24,Vfl Bochum,Eintracht Frankfurt,2,0,H,1,0,,0,0,0,0,0,0,0,0,0,0,0,0
2021-10-29,1899 Hoffenheim,Hertha Berlin,2,0,H,2,0,,0,0,0,0,0,0,0,0,0,0,0,0
2021-10-30,Eintracht Frankfurt,RB Leipzig,1,1,D,0,1,,0,0,0,0,0,0,0,0,0,0,0,0
2021-10-30,Arminia Bielefeld,FSV Mainz 05,1,2,A,1,1,,0,0,0,0,0,0,0,0,0,0,0,0
2021-10-30,Union Berlin,Bayern Munich,2,5,A,1,3,,0,0,0,0,0,0,0,0,0,0,0,0
2021-10-30,Bayer Leverkusen,VfL Wolfsburg,0,2,A,0,0,,0,0,0,0,0,0,0,0,0,0,0,0
2021-10-30,Borussia Dortmund,1.FC Köln,2,0,H,1,0,,0,0,0,0,0,0,0,0,0,0,0,0
2021-10-30,SC Freiburg,SpVgg Greuther Furth,3,1,H,2,0,,0,0,0,0,0,0,0,0,0,0,0,0
2021-10-31,FC Augsburg,VfB Stuttgart,4,1,H,1,1,,0,0,0,0,0,0,0,0,0,0,0,0
2021-10-31,Borussia Monchengladbach,Vfl Bochum,2,1,H,2,0,,0,0,0,0,0,0,0,0,0,0,0,0
2021-11-05,FSV Mainz 05,Borussia Monchengladbach,1,1,D,0,1,,0,0,0,0,0,0,0,0,0,0,0,0
2021-11-06,RB Leipzig,Borussia Dortmund,2,1,H,1,0,,0,0,0,0,0,0,0,0,0,0,0,0
2021-11-06,Vfl Bochum,1899 Hoffenheim,2,0,H,0,0,,0,0,0,0,0,0,0,0,0,0,0,0
2021-11-06,VfB Stuttgart,Arminia Bielefeld,0,1,A,0,1,,0,0,0,0,0,0,0,0,0,0,0,0
2021-11-06,VfL Wolfsburg,FC Augsburg,1,0,H,1,0,,0,0,0,0,0,0,0,0,0,0,0,0
2021-11-06,Bayern Munich,SC Freiburg,2,1,H,1,0,,0,0,0,0,0,0,0,0,0,0,0,0
2021-11-07,Hertha Berlin,Bayer Leverkusen,1,1,D,1,0,,0,0,0,0,0,0,0,0,0,0,0,0
2021-11-07,1.FC Köln,Union Berlin,2,2,D,1,2,,0,0,0,0,0,0,0,0,0,0,0,0
2021-11-07,SpVgg Greuther Furth,Eintracht Frankfurt,1,2,A,0,0,,0,0,0,0,0,0,0,0,0,0,0,0
2021-11-19,FC Augsburg,Bayern Munich,2,1,H,2,1,,0,0,0,0,0,0,0,0,0,0,0,0
2021-11-20,Borussia Monchengladbach,SpVgg Greuther Furth,4,0,H,3,0,,0,0,0,0,0,0,0,0,0,0,0,0
2021-11-20,Borussia Dortmund,VfB Stuttgart,2,1,H,0,0,,0,0,0,0,0,0,0,0,0,0,0,0
2021-11-20,1899 Hoffenheim,RB Leipzig,2,0,H,1,0,,0,0,0,0,0,0,0,0,0,0,0,0
2021-11-20,Bayer Leverkusen,Vfl Bochum,1,0,H,1,0,,0,0,0,0,0,0,0,0,0,0,0,0
2021-11-20,Arminia Bielefeld,VfL Wolfsburg,2,2,D,1,0,,0,0,0,0,0,0,0,0,0,0,0,0
2021-11-20,Union Berlin,Hertha Berlin,2,0,H,2,0,,0,0,0,0,0,0,0,0,0,0,0,0
2021-11-21,SC Freiburg,Eintracht Frankfurt,0,2,A,0,2,,0,0,0,0,0,0,0,0,0,0,0,0
2021-11-21,FSV Mainz 05,1.FC Köln,1,1,D,1,0,,0,0,0,0,0,0,0,0,0,0,0,0
2021-11-26,VfB Stuttgart,FSV Mainz 05,2,1,H,1,1,,0,0,0,0,0,0,0,0,0,0,0,0
2021-11-27,Bayern Munich,Arminia Bielefeld,1,0,H,0,0,,0,0,0,0,0,0,0,0,0,0,0,0
2021-11-27,SpVgg Greuther Furth,1899 Hoffenheim,3,6,A,1,2,,0,0,0,0,0,0,0,0,0,0,0,0
2021-11-27,1.FC Köln,Borussia Monchengladbach,4,1,H,0,0,,0,0,0,0,0,0,0,0,0,0,0,0
2021-11-27,VfL Wolfsburg,Borussia Dortmund,1,3,A,1,1,,0,0,0,0,0,0,0,0,0,0,0,0
2021-11-27,Hertha Berlin,FC Augsburg,1,1,D,1,0,,0,0,0,0,0,0,0,0,0,0,0,0
2021-11-27,Vfl Bochum,SC Freiburg,2,1,H,0,0,,0,0,0,0,0,0,0,0,0,0,0,0
2021-11-28,Eintracht Frankfurt,Union Berlin,2,1,H,1,0,,0,0,0,0,0,0,0,0,0,0,0,0
2021-11-28,RB Leipzig,Bayer Leverkusen,1,3,A,0,2,,0,0,0,0,0,0,0,0,0,0,0,0
2021-12-03,Union Berlin,RB Leipzig,2,1,H,1,1,,0,0,0,0,0,0,0,0,0,0,0,0
2021-12-04,Borussia Dortmund,Bayern Munich,2,3,A,1,2,,0,0,0,0,0,0,0,0,0,0,0,0
2021-12-04,Arminia Bielefeld,1.FC Köln,1,1,D,0,1,,0,0,0,0,0,0,0,0,0,0,0,0
2021-12-04,FC Augsburg,Vfl Bochum,2,3,A,0,3,,0,0,0,0,0,0,0,0,0,0,0,0
2021-12-04,Bayer Leverkusen,SpVgg Greuther Furth,7,1,H,3,1,,0,0,0,0,0,0,0,0,0,0,0,0
2021-12-04,FSV Mainz 05,VfL Wolfsburg,3,0,H,2,0,,0,0,0,0,0,0,0,0,0,0,0,0
2021-12-04,1899 Hoffenheim,Eintracht Frankfurt,3,2,H,2,1,,0,0,0,0,0,0,0,0,0,0,0,0
2021-12-05,VfB Stuttgart,Hertha Berlin,2,2,D,2,1,,0,0,0,0,0,0,0,0,0,0,0,0
2021-12-05,Borussia Monchengladbach,SC Freiburg,0,6,A,0,6,,0,0,0,0,0,0,0,0,0,0,0,0
2021-12-10,1.FC Köln,FC Augsburg,0,2,A,0,0,,0,0,0,0,0,0,0,0,0,0,0,0
2021-12-11,VfL Wolfsburg,VfB Stuttgart,0,2,A,0,1,,0,0,0,0,0,0,0,0,0,0,0,0
2021-12-11,RB Leipzig,Borussia Monchengladbach,4,1,H,2,0,,0,0,0,0,0,0,0,0,0,0,0,0
2021-12-11,Vfl Bochum,Borussia Dortmund,1,1,D,1,0,,0,0,0,0,0,0,0,0,0,0,0,0
2021-12-11,Hertha Berlin,Arminia Bielefeld,2,0,H,0,0,,0,0,0,0,0,0,0,0,0,0,0,0
2021-12-11,Bayern Munich,FSV Mainz 05,2,1,H,0,1,,0,0,0,0,0,0,0,0,0,0,0,0
2021-12-11,SC Freiburg,1899 Hoffenheim,1,2,A,1,1,,0,0,0,0,0,0,0,0,0,0,0,0
2021-12-12,SpVgg Greuther Furth,Union Berlin,1,0,H,0,0,,0,0,0,0,0,0,0,0,0,0,0,0
2021-12-12,Eintracht Frankfurt,Bayer Leverkusen,5,2,H,2,2,,0,0,0,0,0,0,0,0,0,0,0,0
2021-12-14,VfB Stuttgart,Bayern Munich,0,5,A,0,1,,0,0,0,0,0,0,0,0,0,0,0,0
2021-12-14,VfL Wolfsburg,1.FC Köln,2,3,A,1,1,,0,0,0,0,0,0,0,0,0,0,0,0
2021-12-14,FSV Mainz 05,Hertha Berlin,4,0,H,2,0,,0,0,0,0,0,0,0,0,0,0,0,0
2021-12-14,Arminia Bielefeld,Vfl Bochum,2,0,H,0,0,,0,0,0,0,0,0,0,0,0,0,0,0
2021-12-15,Union Berlin,SC Freiburg,0,0,D,0,0,,0,0,0,0,0,0,0,0,0,0,0,0
2021-12-15,FC Augsburg,RB Leipzig,1,1,D,0,1,,0,0,0,0,0,0,0,0,0,0,0,0
2021-12-15,Borussia Dortmund,SpVgg Greuther Furth,3,0,H,1,0,,0,0,0,0,0,0,0,0,0,0,0,0
2021-12-15,Borussia Monchengladbach,Eintracht Frankfurt,2,3,A,1,1,,0,0,0,0,0,0,0,0,0,0,0,0
2021-12-15,Bayer Leverkusen,1899 Hoffenheim,2,2,D,1,0,,0,0,0,0,0,0,0,0,0,0,0,0
2021-12-17,Bayern Munich,VfL Wolfsburg,4,0,H,1,0,,0,0,0,0,0,0,0,0,0,0,0,0
2021-12-18,SpVgg Greuther Furth,FC Augsburg,0,0,D,0,0,,0,0,0,0,0,0,0,0,0,0,0,0
2021-12-18,1899 Hoffenheim,Borussia Monchengladbach,1,1,D,0,1,,0,0,0,0,0,0,0,0,0,0,0,0
2021-12-18,Eintracht Frankfurt,FSV Mainz 05,1,0,H,1,0,,0,0,0,0,0,0,0,0,0,0,0,0
2021-12-18,RB Leipzig,Arminia Bielefeld,0,2,A,0,0,,0,0,0,0,0,0,0,0,0,0,0,0
2021-12-18,Vfl Bochum,Union Berlin,0,1,A,0,1,,0,0,0,0,0,0,0,0,0,0,0,0
2021-12-18,Hertha Berlin,Borussia Dortmund,3,2,H,0,1,,0,0,0,0,0,0,0,0,0,0,0,0
2021-12-19,SC Freiburg,Bayer Leverkusen,2,1,H,1,1,,0,0,0,0,0,0,0,0,0,0,0,0
2021-12-19,1.FC Köln,VfB Stuttgart,1,0,H,0,0,,0,0,0,0,0,0,0,0,0,0,0,0
2022-01-07,Bayern Munich,Borussia Monchengladbach,1,2,A,1,2,,0,0,0,0,0,0,0,0,0,0,0,0
2022-01-08,SC Freiburg,Arminia Bielefeld,2,2,D,1,0,,0,0,0,0,0,0,0,0,0,0,0,0
2022-01-08,1899 Hoffenheim,FC Augsburg,3,1,H,2,1,,0,0,0,0,0,0,0,0,0,0,0,0
2022-01-08,Bayer Leverkusen,Union Berlin,2,2,D,1,1,,0,0,0,0,0,0,0,0,0,0,0,0
2022-01-08,RB Leipzig,FSV Mainz 05,4,1,H,1,0,,0,0,0,0,0,0,0,0,0,0,0,0
2022-01-08,SpVgg Greuther Furth,VfB Stuttgart,0,0,D,0,0,,0,0,0,0,0,0,0,0,0,0,0,0
2022-01-08,Eintracht Frankfurt,Borussia Dortmund,2,3,A,2,0,,0,0,0,0,0,0,0,0,0,0,0,0
2022-01-09,Hertha Berlin,1.FC Köln,1,3,A,0,2,,0,0,0,0,0,0,0,0,0,0,0,0
2022-01-09,Vfl Bochum,VfL Wolfsburg,1,0,H,0,0,,0,0,0,0,0,0,0,0,0,0,0,0
2022-01-14,Borussia Dortmund,SC Freiburg,5,1,H,3,0,,0,0,0,0,0,0,0,0,0,0,0,0
2022-01-15,Borussia Monchengladbach,Bayer Leverkusen,1,2,A,0,0,,0,0,0,0,0,0,0,0,0,0,0,0
2022-01-15,1.FC Köln,Bayern Munich,0,4,A,0,2,,0,0,0,0,0,0,0,0,0,0,0,0
2022-01-15,Union Berlin,1899 Hoffenheim,2,1,H,1,1,,0,0,0,0,0,0,0,0,0,0,0,0
2022-01-15,FSV Mainz 05,Vfl Bochum,1,0,H,0,0,,0,0,0,0,0,0,0,0,0,0,0,0
2022-01-15,VfL Wolfsburg,Hertha Berlin,0,0,D,0,0,,0,0,0,0,0,0,0,0,0,0,0,0
2022-01-15,VfB Stuttgart,RB Leipzig,0,2,A,0,1,,0,0,0,0,0,0,0,0,0,0,0,0
2022-01-16,FC Augsburg,Eintracht Frankfurt,1,1,D,1,1,,0,0,0,0,0,0,0,0,0,0,0,0
2022-01-16,Arminia Bielefeld,SpVgg Greuther Furth,2,2,D,1,1,,0,0,0,0,0,0,0,0,0,0,0,0
2022-01-21,Eintracht Frankfurt,Arminia Bielefeld,0,2,A,0,2,,0,0,0,0,0,0,0,0,0,0,0,0
2022-01-22,SpVgg Greuther Furth,FSV Mainz 05,2,1,H,1,0,,0,0,0,0,0,0,0,0,0,0,0,0
2022-01-22,Vfl Bochum,1.FC Köln,2,2,D,1,2,,0,0,0,0,0,0,0,0,0,0,0,0
2022-01-22,Bayer Leverkusen,FC Augsburg,5,1,H,2,0,,0,0,0,0,0,0,0,0,0,0,0,0
2022-01-22,Borussia Monchengladbach,Union Berlin,1,2,A,1,1,,0,0,0,0,0,0,0,0,0,0,0,0
2022-01-22,SC Freiburg,VfB Stuttgart,2,0,H,1,0,,0,0,0,0,0,0,0,0,0,0,0,0
2022-01-22,1899 Hoffenheim,Borussia Dortmund,2,3,A,1,1,,0,0,0,0,0,0,0,0,0,0,0,0
2022-01-23,RB Leipzig,VfL Wolfsburg,2,0,H,0,0,,0,0,0,0,0,0,0,0,0,0,0,0
2022-01-23,Hertha Berlin,Bayern Munich,1,4,A,0,2,,0,0,0,0,0,0,0,0,0,0,0,0
2022-02-04,Hertha Berlin,Vfl Bochum,1,1,D,1,0,,0,0,0,0,0,0,0,0,0,0,0,0
2022-02-05,Arminia Bielefeld,Borussia Monchengladbach,1,1,D,1,1,,0,0,0,0,0,0,0,0,0,0,0,0
2022-02-05,FSV Mainz 05,1899 Hoffenheim,2,0,H,0,0,,0,0,0,0,0,0,0,0,0,0,0,0
2022-02-05,FC Augsburg,Union Berlin,2,0,H,1,0,,0,0,0,0,0,0,0,0,0,0,0,0
2022-02-05,VfB Stuttgart,Eintracht Frankfurt,2,3,A,1,1,,0,0,0,0,0,0,0,0,0,0,0,0
2022-02-05,1.FC Köln,SC Freiburg,1,0,H,1,0,,0,0,0,0,0,0,0,0,0,0,0,0
2022-02-05,Bayern Munich,RB Leipzig,3,2,H,2,1,,0,0,0,0,0,0,0,0,0,0,0,0
2022-02-06,Borussia Dortmund,Bayer Leverkusen,2,5,A,1,3,,0,0,0,0,0,0,0,0,0,0,0,0
2022-02-06,VfL Wolfsburg,SpVgg Greuther Furth,4,1,H,1,1,,0,0,0,0,0,0,0,0,0,0,0,0
2022-02-11,RB Leipzig,1.FC Köln,3,1,H,1,0,,0,0,0,0,0,0,0,0,0,0,0,0
2022-02-12,SpVgg Greuther Furth,Hertha Berlin,2,1,H,1,0,,0,0,0,0,0,0,0,0,0,0,0,0
2022-02-12,Bayer Leverkusen,VfB Stuttgart,4,2,H,1,0,,0,0,0,0,0,0,0,0,0,0,0,0
2022-02-12,Vfl Bochum,Bayern Munich,4,2,H,4,1,,0,0,0,0,0,0,0,0,0,0,0,0
2022-02-12,Borussia Monchengladbach,FC Augsburg,3,2,H,1,0,,0,0,0,0,0,0,0,0,0,0,0,0
2022-02-12,Eintracht Frankfurt,VfL Wolfsburg,0,2,A,0,1,,0,0,0,0,0,0,0,0,0,0,0,0
2022-02-12,SC Freiburg,FSV Mainz 05,1,1,D,0,1,,0,0,0,0,0,0,0,0,0,0,0,0
2022-02-13,Union Berlin,Borussia Dortmund,0,3,A,0,2,,0,0,0,0,0,0,0,0,0,0,0,0
2022-02-13,1899 Hoffenheim,Arminia Bielefeld,2,0,H,1,0,,0,0,0,0,0,0,0,0,0,0,0,0
2022-02-18,FSV Mainz 05,Bayer Leverkusen,3,2,H,0,1,,0,0,0,0,0,0,0,0,0,0,0,0
2022-02-19,1.FC Köln,Eintracht Frankfurt,1,0,H,0,0,,0,0,0,0,0,0,0,0,0,0,0,0
2022-02-19,VfB Stuttgart,Vfl Bochum,1,1,D,0,0,,0,0,0,0,0,0,0,0,0,0,0,0
2022-02-19,Arminia Bielefeld,Union Berlin,1,0,H,0,0,,0,0,0,0,0,0,0,0,0,0,0,0
2022-02-19,VfL Wolfsburg,1899 Hoffenheim,1,2,A,1,0,,0,0,0,0,0,0,0,0,0,0,0,0
2022-02-19,FC Augsburg,SC Freiburg,1,2,A,1,2,,0,0,0,0,0,0,0,0,0,0,0,0
2022-02-20,Bayern Munich,SpVgg Greuther Furth,4,1,H,0,1,,0,0,0,0,0,0,0,0,0,0,0,0
2022-02-20,Borussia Dortmund,Borussia Monchengladbach,6,0,H,2,0,,0,0,0,0,0,0,0,0,0,0,0,0
2022-02-20,Hertha Berlin,RB Leipzig,1,6,A,0,1,,0,0,0,0,0,0,0,0,0,0,0,0
2022-02-25,1899 Hoffenheim,VfB Stuttgart,2,1,H,0,0,,0,0,0,0,0,0,0,0,0,0,0,0
2022-02-26,Union Berlin,FSV Mainz 05,3,1,H,1,0,,0,0,0,0,0,0,0,0,0,0,0,0
2022-02-26,Eintracht Frankfurt,Bayern Munich,0,1,A,0,0,,0,0,0,0,0,0,0,0,0,0,0,0
2022-02-26,SpVgg Greuther Furth,1.FC Köln,1,1,D,0,0,,0,0,0,0,0,0,0,0,0,0,0,0
2022-02-26,Borussia Monchengladbach,VfL Wolfsburg,2,2,D,1,2,,0,0,0,0,0,0,0,0,0,0,0,0
2022-02-26,SC Freiburg,Hertha Berlin,3,0,H,1,0,,0,0,0,0,0,0,0,0,0,0,0,0
2022-02-26,Bayer Leverkusen,Arminia Bielefeld,3,0,H,1,0,,0,0,0,0,0,0,0,0,0,0,0,0
2022-02-27,Vfl Bochum,RB Leipzig,0,1,A,0,0,,0,0,0,0,0,0,0,0,0,0,0,0
2022-02-27,FC Augsburg,Borussia Dortmund,1,1,D,0,1,,0,0,0,0,0,0,0,0,0,0,0,0
2022-03-04,Arminia Bielefeld,FC Augsburg,0,1,A,0,0,,0,0,0,0,0,0,0,0,0,0,0,0
2022-03-05,Bayern Munich,Bayer Leverkusen,1,1,D,1,1,,0,0,0,0,0,0,0,0,0,0,0,0
2022-03-05,Hertha Berlin,Eintracht Frankfurt,1,4,A,0,1,,0,0,0,0,0,0,0,0,0,0,0,0
2022-03-05,VfL Wolfsburg,Union Berlin,1,0,H,1,0,,0,0,0,0,0,0,0,0,0,0,0,0
2022-03-05,RB Leipzig,SC Freiburg,1,1,D,0,1,,0,0,0,0,0,0,0,0,0,0,0,0
2022-03-05,Vfl Bochum,SpVgg Greuther Furth,2,1,H,1,0,,0,0,0,0,0,0,0,0,0,0,0,0
2022-03-05,VfB Stuttgart,Borussia Monchengladbach,3,2,H,1,2,,0,0,0,0,0,0,0,0,0,0,0,0
2022-03-06,1.FC Köln,1899 Hoffenheim,0,1,A,0,0,,0,0,0,0,0,0,0,0,0,0,0,0
2022-03-12,Union Berlin,VfB Stuttgart,1,1,D,1,0,,0,0,0,0,0,0,0,0,0,0,0,0
2022-03-12,Borussia Monchengladbach,Hertha Berlin,2,0,H,1,0,,0,0,0,0,0,0,0,0,0,0,0,0
2022-03-12,SC Freiburg,VfL Wolfsburg,3,2,H,2,0,,0,0,0,0,0,0,0,0,0,0,0,0
2022-03-12,1899 Hoffenheim,Bayern Munich,1,1,D,1,1,,0,0,0,0,0,0,0,0,0,0,0,0
2022-03-13,SpVgg Greuther Furth,RB Leipzig,1,6,A,1,4,,0,0,0,0,0,0,0,0,0,0,0,0
2022-03-13,Eintracht Frankfurt,Vfl Bochum,2,1,H,0,1,,0,0,0,0,0,0,0,0,0,0,0,0
2022-03-13,Borussia Dortmund,Arminia Bielefeld,1,0,H,1,0,,0,0,0,0,0,0,0,0,0,0,0,0
2022-03-13,Bayer Leverkusen,1.FC Köln,0,1,A,0,0,,0,0,0,0,0,0,0,0,0,0,0,0
2022-03-16,FSV Mainz 05,Borussia Dortmund,0,1,A,0,0,,0,0,0,0,0,0,0,0,0,0,0,0
2022-03-18,Vfl Bochum,Borussia Monchengladbach,0,2,A,0,0,,0,0,0,0,0,0,0,0,0,0,0,0
2022-03-19,Hertha Berlin,1899 Hoffenheim,3,0,H,1,0,,0,0,0,0,0,0,0,0,0,0,0,0
2022-03-19,FSV Mainz 05,Arminia Bielefeld,4,0,H,1,0,,0,0,0,0,0,0,0,0,0,0,0,0
2022-03-19,VfB Stuttgart,FC Augsburg,3,2,H,1,2,,0,0,0,0,0,0,0,0,0,0,0,0
2022-03-19,SpVgg Greuther Furth,SC Freiburg,0,0,D,0,0,,0,0,0,0,0,0,0,0,0,0,0,0
2022-03-19,Bayern Munich,Union Berlin,4,0,H,3,0,,0,0,0,0,0,0,0,0,0,0,0,0
2022-03-20,RB Leipzig,Eintracht Frankfurt,0,0,D,0,0,,0,0,0,0,0,0,0,0,0,0,0,0
2022-03-20,VfL Wolfsburg,Bayer Leverkusen,0,2,A,0,0,,0,0,0,0,0,0,0,0,0,0,0,0
2022-03-20,1.FC Köln,Borussia Dortmund,1,1,D,1,1,,0,0,0,0,0,0,0,0,0,0,0,0
2022-04-01,Union Berlin,1.FC Köln,1,0,H,0,0,,0,0,0,0,0,0,0,0,0,0,0,0
2022-04-02,Arminia Bielefeld,VfB Stuttgart,1,1,D,0,1,,0,0,0,0,0,0,0,0,0,0,0,0
2022-04-02,Eintracht Frankfurt,SpVgg Greuther Furth,0,0,D,0,0,,0,0,0,0,0,0,0,0,0,0,0,0
2022-04-02,Borussia Dortmund,RB Leipzig,1,4,A,0,2,,0,0,0,0,0,0,0,0,0,0,0,0
2022-04-02,1899 Hoffenheim,Vfl Bochum,1,2,A,0,1,,0,0,0,0,0,0,0,0,0,0,0,0
2022-04-02,SC Freiburg,Bayern Munich,1,4,A,0,0,,0,0,0,0,0,0,0,0,0,0,0,0
2022-04-02,Bayer Leverkusen,Hertha Berlin,2,1,H,2,1,,0,0,0,0,0,0,0,0,0,0,0,0
2022-04-03,FC Augsburg,VfL Wolfsburg,3,0,H,1,0,,0,0,0,0,0,0,0,0,0,0,0,0
2022-04-03,Borussia Monchengladbach,FSV Mainz 05,1,1,D,1,0,,0,0,0,0,0,0,0,0,0,0,0,0
2022-04-06,FC Augsburg,FSV Mainz 05,2,1,H,1,0,,0,0,0,0,0,0,0,0,0,0,0,0
2022-04-08,VfB Stuttgart,Borussia Dortmund,0,2,A,0,1,,0,0,0,0,0,0,0,0,0,0,0,0
2022-04-09,Hertha Berlin,Union Berlin,1,4,A,0,1,,0,0,0,0,0,0,0,0,0,0,0,0
2022-04-09,SpVgg Greuther Furth,Borussia Monchengladbach,0,2,A,0,2,,0,0,0,0,0,0,0,0,0,0,0,0
2022-04-09,1.FC Köln,FSV Mainz 05,3,2,H,0,1,,0,0,0,0,0,0,0,0,0,0,0,0
2022-04-09,Bayern Munich,FC Augsburg,1,0,H,0,0,,0,0,0,0,0,0,0,0,0,0,0,0
2022-04-09,VfL Wolfsburg,Arminia Bielefeld,4,0,H,2,0,,0,0,0,0,0,0,0,0,0,0,0,0
2022-04-10,Vfl Bochum,Bayer Leverkusen,0,0,D,0,0,,0,0,0,0,0,0,0,0,0,0,0,0
2022-04-10,Eintracht Frankfurt,SC Freiburg,1,2,A,0,1,,0,0,0,0,0,0,0,0,0,0,0,0
2022-04-10,RB Leipzig,1899 Hoffenheim,3,0,H,3,0,,0,0,0,0,0,0,0,0,0,0,0,0
2022-04-16,SC Freiburg,Vfl Bochum,3,0,H,2,0,,0,0,0,0,0,0,0,0,0,0,0,0
2022-04-16,FSV Mainz 05,VfB Stuttgart,0,0,D,0,0,,0,0,0,0,0,0,0,0,0,0,0,0
2022-04-16,Borussia Dortmund,VfL Wolfsburg,6,1,H,5,0,,0,0,0,0,0,0,0,0,0,0,0,0
2022-04-16,FC Augsburg,Hertha Berlin,0,1,A,0,0,,0,0,0,0,0,0,0,0,0,0,0,0
2022-04-16,Borussia Monchengladbach,1.FC Köln,1,3,A,0,3,,0,0,0,0,0,0,0,0,0,0,0,0
2022-04-17,Bayer Leverkusen,RB Leipzig,0,1,A,0,0,,0,0,0,0,0,0,0,0,0,0,0,0
2022-04-17,Union Berlin,Eintracht Frankfurt,2,0,H,2,0,,0,0,0,0,0,0,0,0,0,0,0,0
2022-04-17,1899 Hoffenheim,SpVgg Greuther Furth,0,0,D,0,0,,0,0,0,0,0,0,0,0,0,0,0,0
2022-04-17,Arminia Bielefeld,Bayern Munich,0,3,A,0,2,,0,0,0,0,0,0,0,0,0,0,0,0
2022-04-22,VfL Wolfsburg,FSV Mainz 05,5,0,H,5,0,,0,0,0,0,0,0,0,0,0,0,0,0
2022-04-23,SC Freiburg,Borussia Monchengladbach,3,3,D,0,2,,0,0,0,0,0,0,0,0,0,0,0,0
2022-04-23,Eintracht Frankfurt,1899 Hoffenheim,2,2,D,1,1,,0,0,0,0,0,0,0,0,0,0,0,0
2022-04-23,RB Leipzig,Union Berlin,1,2,A,0,0,,0,0,0,0,0,0,0,0,0,0,0,0
2022-04-23,SpVgg Greuther Furth,Bayer Leverkusen,1,4,A,1,2,,0,0,0,0,0,0,0,0,0,0,0,0
2022-04-23,1.FC Köln,Arminia Bielefeld,3,1,H,2,1,,0,0,0,0,0,0,0,0,0,0,0,0
2022-04-23,Bayern Munich,Borussia Dortmund,3,1,H,2,0,,0,0,0,0,0,0,0,0,0,0,0,0
2022-04-24,Hertha Berlin,VfB Stuttgart,2,0,H,1,0,,0,0,0,0,0,0,0,0,0,0,0,0
2022-04-24,Vfl Bochum,FC Augsburg,0,2,A,0,2,,0,0,0,0,0,0,0,0,0,0,0,0
2022-04-29,Union Berlin,SpVgg Greuther Furth,1,1,D,0,1,,0,0,0,0,0,0,0,0,0,0,0,0
2022-04-30,FSV Mainz 05,Bayern Munich,3,1,H,2,1,,0,0,0,0,0,0,0,0,0,0,0,0
2022-04-30,Borussia Dortmund,Vfl Bochum,3,4,A,2,2,,0,0,0,0,0,0,0,0,0,0,0,0
2022-04-30,FC Augsburg,1.FC Köln,1,4,A,0,2,,0,0,0,0,0,0,0,0,0,0,0,0
2022-04-30,VfB Stuttgart,VfL Wolfsburg,1,1,D,0,1,,0,0,0,0,0,0,0,0,0,0,0,0
2022-04-30,Arminia Bielefeld,Hertha Berlin,1,1,D,0,0,,0,0,0,0,0,0,0,0,0,0,0,0
2022-04-30,1899 Hoffenheim,SC Freiburg,3,4,A,1,1,,0,0,0,0,0,0,0,0,0,0,0,0
2022-05-02,Bayer Leverkusen,Eintracht Frankfurt,2,0,H,1,0,,0,0,0,0,0,0,0,0,0,0,0,0
2022-05-02,Borussia Monchengladbach,RB Leipzig,3,1,H,2,1,,0,0,0,0,0,0,0,0,0,0,0,0
2022-05-06,Vfl Bochum,Arminia Bielefeld,2,1,H,1,1,,0,0,0,0,0,0,0,0,0,0,0,0
2022-05-07,SC Freiburg,Union Berlin,1,4,A,0,3,,0,0,0,0,0,0,0,0,0,0,0,0
2022-05-07,1899 Hoffenheim,Bayer Leverkusen,2,4,A,2,1,,0,0,0,0,0,0,0,0,0,0,0,0
2022-05-07,SpVgg Greuther Furth,Borussia Dortmund,1,3,A,0,1,,0,0,0,0,0,0,0,0,0,0,0,0
2022-05-07,1.FC Köln,VfL Wolfsburg,0,1,A,0,1,,0,0,0,0,0,0,0,0,0,0,0,0
2022-05-07,Hertha Berlin,FSV Mainz 05,1,2,A,1,1,,0,0,0,0,0,0,0,0,0,0,0,0
2022-05-08,RB Leipzig,FC Augsburg,4,0,H,1,0,,0,0,0,0,0,0,0,0,0,0,0,0
2022-05-08,Eintracht Frankfurt,Borussia Monchengladbach,1,1,D,0,1,,0,0,0,0,0,0,0,0,0,0,0,0
2022-05-08,Bayern Munich,VfB Stuttgart,2,2,D,2,1,,0,0,0,0,0,0,0,0,0,0,0,0
2022-05-14,VfB Stuttgart,1.FC Köln,2,1,H,1,0,,0,0,0,0,0,0,0,0,0,0,0,0
2022-05-14,FC Augsburg,SpVgg Greuther Furth,2,1,H,1,1,,0,0,0,0,0,0,0,0,0,0,0,0
2022-05-14,Bayer Leverkusen,SC Freiburg,2,1,H,0,0,,0,0,0,0,0,0,0,0,0,0,0,0
2022-05-14,Union Berlin,Vfl Bochum,3,2,H,2,0,,0,0,0,0,0,0,0,0,0,0,0,0
2022-05-14,FSV Mainz 05,Eintracht Frankfurt,2,2,D,1,2,,0,0,0,0,0,0,0,0,0,0,0,0
2022-05-14,Borussia Monchengladbach,1899 Hoffenheim,5,1,H,3,1,,0,0,0,0,0,0,0,0,0,0,0,0
2022-05-14,VfL Wolfsburg,Bayern Munich,2,2,D,1,2,,0,0,0,0,0,0,0,0,0,0,0,0
2022-05-14,Borussia Dortmund,Hertha Berlin,2,1,H,0,1,,0,0,0,0,0,0,0,0,0,0,0,0
2022-05-14,Arminia Bielefeld,RB Leipzig,1,1,D,0,0,,0,0,0,0,0,0,0,0,0,0,0,0
2022-05-19,Hertha Berlin,Hamburger SV,0,1,A,0,0,,0,0,0,0,0,0,0,0,0,0,0,0
2022-05-23,Hamburger SV,Hertha Berlin,0,2,A,0,1,,0,0,0,0,0,0,0,0,0,0,0,0
